unit,time,op_setting_1,op_setting_2,op_setting_3,sensor_1,sensor_2,sensor_3,sensor_4,sensor_5,sensor_6,sensor_7,sensor_8,sensor_9,sensor_10,sensor_11,sensor_12,sensor_13,sensor_14,sensor_15,sensor_16,sensor_17,sensor_18,sensor_19,sensor_20,sensor_21
2,1,-0.005793882125355194,-0.0028391329112104867,100.0,528.3080614761785,621.4122891696857,533.6427300009773,1571.4625264874044,1499.3318276408247,18.954502341219094,22.898224929720794,570.5970160658909,2308.9624181212316,123.75644989518136,31.704646354985748,395.06772123388043,2444.686141992659,132.9840423339666,35.43843844656238,37.750211584682354,2331.087011990041,149.03125248706385,39.893613354123126,30.179453807258533,12.541607391644252
3,2,-0.003523218028439179,0.008064413972034333,100.0,537.5522422502663,633.8650047161118,535.9786299720569,1580.8099272044485,1443.1015101915134,15.579246204973622,20.120191578003386,532.9280695547696,2325.7215119192592,126.60591869474709,32.57597813280066,398.4055791648039,2425.243009578891,123.76977513540663,38.549886469669275,32.95395160661131,2359.0872452225676,100.78430308005115,39.184881179627766,31.4781430849164,12.638360310410839
8,3,0.00021088447139156787,-0.005277782361416696,100.0,538.3565645149633,642.0373805698092,526.2944816335566,1534.7233703063853,1447.9692570611307,19.583484693648142,21.30619896903209,585.0009444203362,2309.728458294114,102.43222253386882,31.34935703377592,391.84181874892715,2429.5509233351872,121.45659517449809,43.48844695647033,31.760200408623124,2359.04909066668,137.2186762594602,35.41826782340038,34.206191903035965,11.01767584793084
3,4,0.004863461413918526,-0.0024833247249604895,100.0,510.971079083023,649.1157475446234,504.4169276503911,1534.5590045378053,1471.6661160471338,17.336847709641024,20.125228799209186,535.450173253196,2366.644952963055,142.32214101686583,34.12004699905178,391.4582575878724,2408.7843077087678,135.7809594038179,37.41621564079777,38.217525138360905,2376.12054281651,121.87549448635804,40.57035330554557,30.584268264691257,14.237833014177838
2,5,-0.0014219310064228254,0.004693335687521415,100.0,502.5807508575408,619.6529312595226,539.489644470367,1534.1626394947948,1494.050513208859,15.780503152730063,23.347705349301314,580.5962911129672,2360.8250705110822,125.23601993169771,33.72947494384361,396.85441199527827,2418.8611437083377,137.134828985463,38.034980616308545,35.61465866818276,2379.8581045981696,107.94492451408438,41.35591068454268,31.527916282132036,10.816342255359675
